<?xml version="1.0" encoding="UTF-8" ?>
<!DOCTYPE mapper
        PUBLIC "-//mybatis.org//DTD Mapper 3.0//EN"
        "http://mybatis.org/dtd/mybatis-3-mapper.dtd">

<mapper namespace="com.dao.PerformanceDao">
    <resultMap id="BaseResultMap" type="com.entity.Performance">
        <id column="pfe_id" jdbcType="INTEGER" property="pfe_id" />
        <id column="pfe_user_id" jdbcType="INTEGER" property="pfe_user_id" />
        <id column="pfe_rating" jdbcType="VARCHAR" property="pfe_rating" />
        <id column="pfe_totalScore" jdbcType="VARCHAR" property="pfe_totalScore" />
        <id column="pfe_tmScore" jdbcType="VARCHAR" property="pfe_tmScore" />
        <id column="pfe_tlScore" jdbcType="VARCHAR" property="pfe_tlScore" />
        <id column="pfe_addPoint" jdbcType="VARCHAR" property="pfe_addPoint" />
        <id column="pfe_minusPoint" jdbcType="VARCHAR" property="pfe_minusPoint" />
        <id column="pfe_originalData" jdbcType="VARCHAR" property="pfe_originalData" />
        <id column="pfe_tmComment" jdbcType="VARCHAR" property="pfe_tmComment" />
        <id column="pfe_tlComment" jdbcType="VARCHAR" property="pfe_tlComment" />
        <id column="pfe_quarter" jdbcType="INTEGER" property="pfe_quarter" />

    </resultMap>
    <sql id="Base_Column_List">pfe_id,pfe_user_id,pfe_rating,pfe_totalScore,pfe_tmScore,pfe_tlScore,pfe_addPoint,pfe_minusPoint,pfe_originalData,pfe_tmComment,pfe_tlComment,pfe_quarter
    </sql>
    <!--  查询所有-->
    <select id="getAllPerformanceInf"  resultMap="BaseResultMap">
        select
        *
        from  cpy_performance;
    </select>
    <!--  查询TM是user_TM 的绩效-->
    <select id="getPerformanceByTMName"  resultMap="BaseResultMap" parameterType="com.entity.CompanyUser">
        select
        *
        from  cpy_performance
        where pfe_user_id in (select user_id from cpy_user where user_TM=#{user_TM});
    </select>
    <!--  查询TM是user_TL 的绩效-->
    <select id="getPerformanceByTLName"  resultMap="BaseResultMap" parameterType="com.entity.CompanyUser">
        select
        *
        from  cpy_performance
        where pfe_user_id in (select user_id from cpy_user where user_TL=#{user_TL});
    </select>
    <select id="selectLikeByName" resultMap="BaseResultMap" parameterType="hashmap">
         select * from cpy_performance where pfe_user_id in (select user_id from cpy_user  where user_name like CONCAT('%',#{likeName},'%')
         and user_TM like CONCAT('%',#{likeTMName},'%')
         and user_TL like CONCAT('%',#{likeTLName},'%')
         ) ;
    </select>
    <!--查询是否已经存在该员工该季度的绩效-->
    <select id="selectPerByIdAndQuarter" resultMap="BaseResultMap" parameterType="com.entity.Performance">
        select
        *
        from  cpy_performance
        where pfe_user_id=#{pfe_user_id} and pfe_quarter=#{pfe_quarter};
    </select>
    <!--删除该用户该季度的数据-->
    <delete id="deletePerByIdAndQuarter" parameterType="com.entity.Performance">
        delete from  cpy_performance where pfe_user_id=#{pfe_user_id} and pfe_quarter=#{pfe_quarter};
    </delete>
    <!--  通过员工id查询-->
    <select id="getPerformanceByByUserId"  resultMap="BaseResultMap" parameterType="com.entity.CompanyUser">
        select
        *
        from  cpy_performance
        where pfe_user_id =#{user_id};
    </select>
    <insert id="insertPerformance" useGeneratedKeys="true" keyProperty="pfe_id" parameterType="com.entity.Performance">
      INSERT INTO cpy_performance
        <trim prefix="(" suffix=")" suffixOverrides="," >
            <if test="pfe_user_id != null">
                pfe_user_id,
            </if>
            <if test="pfe_rating != null">
                pfe_rating,
            </if>
            <if test="pfe_totalScore != null">
                pfe_totalScore,
            </if>
            <if test="pfe_tmScore != null">
                pfe_tmScore,
            </if>
            <if test="pfe_tlScore != null">
                pfe_tlScore,
            </if>
            <if test="pfe_addPoint != null">
                pfe_addPoint,
            </if>
            <if test="pfe_minusPoint != null">
                pfe_minusPoint,
            </if>
            <if test="pfe_originalData != null">
                pfe_originalData,
            </if>
            <if test="pfe_tmComment != null">
                pfe_tmComment,
            </if>
            <if test="pfe_tlComment != null">
                pfe_tlComment,
            </if>
            <if test="pfe_quarter != null">
                pfe_quarter,
            </if>
        </trim>
        <trim prefix="values (" suffix=")" suffixOverrides="," >
            <if test="pfe_user_id != null">
                #{pfe_user_id,jdbcType=INTEGER},
            </if>
            <if test="pfe_rating != null">
                #{pfe_rating,jdbcType=VARCHAR},
            </if>
            <if test="pfe_totalScore != null">
                #{pfe_totalScore,jdbcType=VARCHAR},
            </if>
            <if test="pfe_tmScore != null">
                #{pfe_tmScore,jdbcType=VARCHAR},
            </if>
            <if test="pfe_tlScore != null">
                #{pfe_tlScore,jdbcType=VARCHAR},
            </if>
            <if test="pfe_addPoint != null">
                #{pfe_addPoint,jdbcType=VARCHAR},
            </if>
            <if test="pfe_minusPoint != null">
                #{pfe_minusPoint,jdbcType=VARCHAR},
            </if>
            <if test="pfe_originalData != null">
                #{pfe_originalData,jdbcType=VARCHAR},
            </if>
            <if test="pfe_tmComment != null">
                #{pfe_tmComment,jdbcType=VARCHAR},
            </if>
            <if test="pfe_tlComment != null">
                #{pfe_tlComment,jdbcType=VARCHAR},
            </if>
            <if test="pfe_quarter != null">
                #{pfe_quarter,jdbcType=INTEGER},
            </if>
        </trim>
    </insert>
</mapper>
